#,סט,מס' בסט,מפתח,BPM,כלי,גוון רגשי,תיאור,סטטוס,URL,startOffset
1,1,1,Dm,48,פסנתר סולו,אובדן,דממה אחרי אובדן,לא התחיל,,20
2,1,2,Dm,48,פסנתר סולו,אובדן,כאב שקט,לא התחיל,,20
3,1,3,Dm,48,פסנתר סולו,אובדן,בכי פנימי,לא התחיל,,20
4,1,4,Dm,48,פסנתר סולו,אובדן,שתיקה כבדה,לא התחיל,,20
5,1,5,Dm,48,פסנתר סולו,אובדן,שבר פנימי,לא התחיל,,20
6,1,6,Dm,48,פסנתר סולו,אובדן,ריק מוחלט,לא התחיל,,20
7,1,7,Dm,48,פסנתר סולו,אובדן,קבלה כואבת,לא התחיל,,20
8,1,8,Dm,48,פסנתר סולו,אובדן,כאב שלא עובר,לא התחיל,,20
9,1,9,Dm,48,פסנתר סולו,אובדן,ערגה לאבוד,לא התחיל,,20
10,1,10,Dm,48,פסנתר סולו,אובדן,ניצוץ ראשון של תקווה,לא התחיל,,20
11,2,1,Am,58,פסנתר + צ'לו,מלנכוליה,עצב עדין,לא התחיל,,20
12,2,2,Am,58,פסנתר + צ'לו,מלנכוליה,זיכרון נוסטלגי,לא התחיל,,20
13,2,3,Am,58,פסנתר + צ'לו,מלנכוליה,ערגה עמוקה,לא התחיל,,20
14,2,4,Am,58,פסנתר + צ'לו,מלנכוליה,ביטרסוויט,לא התחיל,,20
15,2,5,Am,58,פסנתר + צ'לו,מלנכוליה,חסר מישהו,לא התחיל,,20
16,2,6,Am,58,פסנתר + צ'לו,מלנכוליה,אבל עדין,לא התחיל,,20
17,2,7,Am,58,פסנתר + צ'לו,מלנכוליה,ריחוק כואב,לא התחיל,,20
18,2,8,Am,58,פסנתר + צ'לו,מלנכוליה,הרהור עצוב,לא התחיל,,20
19,2,9,Am,58,פסנתר + צ'לו,מלנכוליה,קבלה עדינה,לא התחיל,,20
20,2,10,Am,58,פסנתר + צ'לו,מלנכוליה,ערגה רכה,לא התחיל,,20
21,3,1,C,64,פסנתר אקוסטי,תקווה וריפוי,תקווה רכה,לא התחיל,,20
22,3,2,C,64,פסנתר אקוסטי,תקווה וריפוי,ריפוי מתחיל,לא התחיל,,20
23,3,3,C,64,פסנתר אקוסטי,תקווה וריפוי,אהבה עדינה,לא התחיל,,20
24,3,4,C,64,פסנתר אקוסטי,תקווה וריפוי,שקט פנימי,לא התחיל,,20
25,3,5,C,64,פסנתר אקוסטי,תקווה וריפוי,ביטרסוויט חמים,לא התחיל,,20
26,3,6,C,64,פסנתר אקוסטי,תקווה וריפוי,נוסטלגיה חמה,לא התחיל,,20
27,3,7,C,64,פסנתר אקוסטי,תקווה וריפוי,גאווה עדינה,לא התחיל,,20
28,3,8,C,64,פסנתר אקוסטי,תקווה וריפוי,שייכות,לא התחיל,,20
29,3,9,C,64,פסנתר אקוסטי,תקווה וריפוי,משפחה עדינה,לא התחיל,,20
30,3,10,C,64,פסנתר אקוסטי,תקווה וריפוי,שמחה שקטה,לא התחיל,,20
31,4,1,G,70,פסנתר + מיתרים עדינים,חמימות,חמימות ביחד,לא התחיל,,20
32,4,2,G,70,פסנתר + מיתרים עדינים,חמימות,אהבת משפחה,לא התחיל,,20
33,4,3,G,70,פסנתר + מיתרים עדינים,חמימות,שמחה עדינה,לא התחיל,,20
34,4,4,G,70,פסנתר + מיתרים עדינים,חמימות,גאווה חמה,לא התחיל,,20
35,4,5,G,70,פסנתר + מיתרים עדינים,חמימות,נוסטלגיה חמה,לא התחיל,,20
36,4,6,G,70,פסנתר + מיתרים עדינים,חמימות,חגיגה עדינה,לא התחיל,,20
37,4,7,G,70,פסנתר + מיתרים עדינים,חמימות,שייכות בטוחה,לא התחיל,,20
38,4,8,G,70,פסנתר + מיתרים עדינים,חמימות,קשר עמוק,לא התחיל,,20
39,4,9,G,70,פסנתר + מיתרים עדינים,חמימות,ביטרסוויט חמים,לא התחיל,,20
40,4,10,G,70,פסנתר + מיתרים עדינים,חמימות,זיכרון שמח,לא התחיל,,20
41,5,1,D,76,מיתרים,הישג וגאווה,הישג שקט,לא התחיל,,20
42,5,2,D,76,מיתרים,הישג וגאווה,גאווה מתרוממת,לא התחיל,,20
43,5,3,D,76,מיתרים,הישג וגאווה,אבן דרך,לא התחיל,,20
44,5,4,D,76,מיתרים,הישג וגאווה,ניצחון עם תקווה,לא התחיל,,20
45,5,5,D,76,מיתרים,הישג וגאווה,שמחת הצלחה,לא התחיל,,20
46,5,6,D,76,מיתרים,הישג וגאווה,פריצת דרך,לא התחיל,,20
47,5,7,D,76,מיתרים,הישג וגאווה,צמיחה,לא התחיל,,20
48,5,8,D,76,מיתרים,הישג וגאווה,ביטחון שמח,לא התחיל,,20
49,5,9,D,76,מיתרים,הישג וגאווה,ניצחון רגשי,לא התחיל,,20
50,5,10,D,76,מיתרים,הישג וגאווה,הכרת תודה,לא התחיל,,20
51,6,1,G,82,פסנתר + מיתרים,חגיגי,שמחה חגיגית,לא התחיל,,20
52,6,2,G,82,פסנתר + מיתרים,חגיגי,שמחה קהילתית,לא התחיל,,20
53,6,3,G,82,פסנתר + מיתרים,חגיגי,חגיגה ביחד,לא התחיל,,20
54,6,4,G,82,פסנתר + מיתרים,חגיגי,אושר משותף,לא התחיל,,20
55,6,5,G,82,פסנתר + מיתרים,חגיגי,חגיגה חמה,לא התחיל,,20
56,6,6,G,82,פסנתר + מיתרים,חגיגי,דמעות שמחה,לא התחיל,,20
57,6,7,G,82,פסנתר + מיתרים,חגיגי,חום חגיגי,לא התחיל,,20
58,6,8,G,82,פסנתר + מיתרים,חגיגי,גאווה קולקטיבית,לא התחיל,,20
59,6,9,G,82,פסנתר + מיתרים,חגיגי,אבן דרך חגיגית,לא התחיל,,20
60,6,10,G,82,פסנתר + מיתרים,חגיגי,שמחה מלאה,לא התחיל,,20
61,7,1,D,92,אורקסטרה,אירוע גדול,חגיגה גדולה,לא התחיל,,20
62,7,2,D,92,אורקסטרה,אירוע גדול,שמחת חתונה,לא התחיל,,20
63,7,3,D,92,אורקסטרה,אירוע גדול,שמחת בר מצווה,לא התחיל,,20
64,7,4,D,92,אורקסטרה,אירוע גדול,ניצחון אפי,לא התחיל,,20
65,7,5,D,92,אורקסטרה,אירוע גדול,שמחת קהילה,לא התחיל,,20
66,7,6,D,92,אורקסטרה,אירוע גדול,הדר ושמחה,לא התחיל,,20
67,7,7,D,92,אורקסטרה,אירוע גדול,אבן דרך גדולה,לא התחיל,,20
68,7,8,D,92,אורקסטרה,אירוע גדול,שיא חגיגי,לא התחיל,,20
69,7,9,D,92,אורקסטרה,אירוע גדול,יחד בשמחה,לא התחיל,,20
70,7,10,D,92,אורקסטרה,אירוע גדול,אושר עצום,לא התחיל,,20
71,8,1,A,104,אנסמבל אנרגטי,אנרגיה,ניצחון אנרגטי,לא התחיל,,20
72,8,2,A,104,אנסמבל אנרגטי,אנרגיה,ניצחון ספורטיבי,לא התחיל,,20
73,8,3,A,104,אנסמבל אנרגטי,אנרגיה,פריצת דרך דינמית,לא התחיל,,20
74,8,4,A,104,אנסמבל אנרגטי,אנרגיה,מומנטום בלתי נעצר,לא התחיל,,20
75,8,5,A,104,אנסמבל אנרגטי,אנרגיה,ביצוע שיא,לא התחיל,,20
76,8,6,A,104,אנסמבל אנרגטי,אנרגיה,הישג מרגש,לא התחיל,,20
77,8,7,A,104,אנסמבל אנרגטי,אנרגיה,כוח קדימה,לא התחיל,,20
78,8,8,A,104,אנסמבל אנרגטי,אנרגיה,ניצחון בפעולה,לא התחיל,,20
79,8,9,A,104,אנסמבל אנרגטי,אנרגיה,שיא אאופורי,לא התחיל,,20
80,8,10,A,104,אנסמבל אנרגטי,אנרגיה,אנרגיית ניצחון,לא התחיל,,20
81,9,1,F,66,גיטרה אקוסטית + מיתרים,אינטימי,הרהור חמים,לא התחיל,,20
82,9,2,F,66,גיטרה אקוסטית + מיתרים,אינטימי,זיכרון עדין,לא התחיל,,20
83,9,3,F,66,גיטרה אקוסטית + מיתרים,אינטימי,רגע משפחתי,לא התחיל,,20
84,9,4,F,66,גיטרה אקוסטית + מיתרים,אינטימי,סיפור אהבה עדין,לא התחיל,,20
85,9,5,F,66,גיטרה אקוסטית + מיתרים,אינטימי,קשר אינטימי,לא התחיל,,20
86,9,6,F,66,גיטרה אקוסטית + מיתרים,אינטימי,ביחד בשקט,לא התחיל,,20
87,9,7,F,66,גיטרה אקוסטית + מיתרים,אינטימי,ריפוי חמים,לא התחיל,,20
88,9,8,F,66,גיטרה אקוסטית + מיתרים,אינטימי,גאווה עדינה,לא התחיל,,20
89,9,9,F,66,גיטרה אקוסטית + מיתרים,אינטימי,ביטרסוויט חמים,לא התחיל,,20
90,9,10,F,66,גיטרה אקוסטית + מיתרים,אינטימי,נוסטלגיה עדינה,לא התחיל,,20
91,10,1,C,60,פסנתר אמביינט,אוניברסלי,נייטרלי חמים,לא התחיל,,20
92,10,2,C,60,פסנתר אמביינט,אוניברסלי,רקע עדין,לא התחיל,,20
93,10,3,C,60,פסנתר אמביינט,אוניברסלי,כללי עדין,לא התחיל,,20
94,10,4,C,60,פסנתר אמביינט,אוניברסלי,שקט מאוזן,לא התחיל,,20
95,10,5,C,60,פסנתר אמביינט,אוניברסלי,פתוח ואמביינט,לא התחיל,,20
96,10,6,C,60,פסנתר אמביינט,אוניברסלי,כללי חמים,לא התחיל,,20
97,10,7,C,60,פסנתר אמביינט,אוניברסלי,קולנועי עדין,לא התחיל,,20
98,10,8,C,60,פסנתר אמביינט,אוניברסלי,אווירה כללית,לא התחיל,,20
99,10,9,C,60,פסנתר אמביינט,אוניברסלי,הרהור אמביינט,לא התחיל,,20
100,10,10,C,60,פסנתר אמביינט,אוניברסלי,שלווה אוניברסלית,לא התחיל,,20
101,11,1,Em,110,סינטסייזר + ביטים,דיגיטלי,אנרגיה דיגיטלית,לא התחיל,,20
102,11,2,Em,110,סינטסייזר + ביטים,דיגיטלי,מתח חשמלי,לא התחיל,,20
103,11,3,Em,110,סינטסייזר + ביטים,דיגיטלי,התרוממות,לא התחיל,,20
104,11,4,Em,110,סינטסייזר + ביטים,דיגיטלי,ניצחון חשמלי,לא התחיל,,20
105,11,5,Em,110,סינטסייזר + ביטים,דיגיטלי,תנועה דינמית,לא התחיל,,20
106,11,6,Em,110,סינטסייזר + ביטים,דיגיטלי,עוצמה דיגיטלית,לא התחיל,,20
107,11,7,Em,110,סינטסייזר + ביטים,דיגיטלי,פריצה,לא התחיל,,20
108,11,8,Em,110,סינטסייזר + ביטים,דיגיטלי,ציפייה,לא התחיל,,20
109,11,9,Em,110,סינטסייזר + ביטים,דיגיטלי,שחרור אנרגטי,לא התחיל,,20
110,11,10,Em,110,סינטסייזר + ביטים,דיגיטלי,שיא חשמלי,לא התחיל,,20
